ryan,ryanjamesaquino@gmail.com
josh,akingjosh101@gmail.com
iris,irisyee8@gmail.com
ana,agbayaniana@gmail.com
eric,Ericliu2244@gmail.com
brian,brianwi007@gmail.com
bryan,ngynbryan@gmail.com
vincent,vincentho0129@gmail.com
melissa,meli26salamat@gmail.com
shawn,shawnbnat@gmail.com
victoria,victoriatrnn@gmail.com
jen,jkim8626@gmail.com